datetime,196 Albany,4101 White Plains Road,57 Cleveland Place,Bathgate Contract Post...,Bay Ridge 5th Avenue,Beach 39th,Bellevue Hospital Center,Belvis Diagnostic & Tr...,Bensonhurst 14th Avenue,Brooklyn Army Terminal,Canarsie Municipal Lot,CI Ida G Israel Chc,Co-op City Retail Space,Coney Island Hospital ...,CU Jonathan Williams C...,CU Vanderbilt,CU Woodside Houses CHC,Cumberland Dtc,Edward Grant,Elmhurst Hospital Center,EY East New York DTC,Fort Hamilton,Gouverneur Healthcare,Greenbelt Recreational...,Harlem Hospital Center,Highbridge Pool,Jacobi Medical Center,JFK Airport,Kew Gardens,Kings County Hospital ...,LaGuardia Airport,Leï¬erts,Lincoln Medical Center,Mariners Harbor Library,Metropolitan Hospital ...,Midwood,Morrisania Diagnostic ...,Mt. Loretto,North Central Bronx Ho...,Northern Boulevard,Old Broadway,Queens Hospital Center,Rain Boston Road Senio...,Red Hook Recreational ...,Sorrentino Recreationa...,St. Albans,St. George Ferry Termi...,St. James Recreational...,Starret City,SY Dyckman Lcdla,SY St. Nicholas Chc,Sydenham,Sydenham Health Center,Tremont Community Heal...,Windsor Park Library,Woodhull Medical Center
1606772000.20831,0,0,nan,nan,nan,60,nan,nan,30,nan,nan,nan,nan,30,nan,nan,nan,nan,nan,30,nan,30,nan,0,nan,nan,nan,nan,nan,nan,nan,nan,nan,0,30,30,nan,nan,nan,nan,nan,60,nan,0,nan,nan,90,60,nan,nan,nan,nan,nan,nan,30,nan
1606772017.05037,0,0,nan,nan,nan,60,nan,nan,30,nan,nan,nan,nan,30,nan,nan,nan,nan,nan,30,nan,30,nan,0,nan,nan,nan,nan,nan,nan,nan,nan,nan,0,30,30,nan,nan,nan,nan,nan,60,nan,0,nan,nan,90,60,nan,nan,nan,nan,nan,nan,30,nan
1606772179.6377,0,0,nan,nan,nan,60,nan,nan,30,nan,nan,nan,nan,30,nan,nan,nan,nan,nan,30,nan,30,nan,0,nan,nan,nan,nan,nan,nan,nan,nan,nan,0,30,30,nan,nan,nan,nan,nan,60,nan,0,nan,nan,90,60,nan,nan,nan,nan,nan,nan,30,nan
1606772219.47975,0,0,nan,nan,nan,60,nan,nan,30,nan,nan,nan,nan,30,nan,nan,nan,nan,nan,30,nan,30,nan,0,nan,nan,nan,nan,nan,nan,nan,nan,nan,0,30,30,nan,nan,nan,nan,nan,60,nan,0,nan,nan,90,60,nan,nan,nan,nan,nan,nan,30,nan
1606772261.51278,0,0,nan,nan,nan,60,nan,nan,30,nan,nan,nan,nan,30,nan,nan,nan,nan,nan,30,nan,30,nan,0,nan,nan,nan,nan,nan,nan,nan,nan,nan,0,30,30,nan,nan,nan,nan,nan,60,nan,0,nan,nan,90,60,nan,nan,nan,nan,nan,nan,30,nan
1606772300.45217,0,0,nan,nan,nan,60,nan,nan,30,nan,nan,nan,nan,30,nan,nan,nan,nan,nan,30,nan,30,nan,0,nan,nan,nan,nan,nan,nan,nan,nan,nan,0,30,30,nan,nan,nan,nan,nan,60,nan,0,nan,nan,90,60,nan,nan,nan,nan,nan,nan,30,nan
1606772428.97205,0,0,nan,nan,nan,60,nan,nan,30,nan,nan,nan,nan,30,nan,nan,nan,nan,nan,30,nan,30,nan,0,nan,nan,nan,nan,nan,nan,nan,nan,nan,0,30,30,nan,nan,nan,nan,nan,60,nan,0,nan,nan,90,60,nan,nan,nan,nan,nan,nan,30,nan
1606772478.80649,0,0,nan,nan,nan,60,nan,nan,30,nan,nan,nan,nan,30,nan,nan,nan,nan,nan,30,nan,30,nan,0,nan,nan,nan,nan,nan,nan,nan,nan,nan,0,30,30,nan,nan,nan,nan,nan,60,nan,0,nan,nan,90,60,nan,nan,nan,nan,nan,nan,30,nan
1606772723.65619,0,0,nan,nan,nan,60,nan,nan,30,nan,nan,nan,nan,30,nan,nan,nan,nan,nan,30,nan,30,nan,0,nan,nan,nan,nan,nan,nan,nan,nan,nan,0,30,30,nan,nan,nan,nan,nan,60,nan,0,nan,nan,90,60,nan,nan,nan,nan,nan,nan,30,nan
1606773152.10183,0,nan,30,nan,nan,90,nan,nan,nan,nan,nan,nan,nan,nan,nan,nan,nan,nan,nan,30,nan,60,nan,nan,nan,nan,nan,nan,nan,nan,nan,nan,nan,0,nan,nan,nan,nan,nan,nan,nan,90,nan,nan,nan,30,120,nan,nan,nan,nan,nan,nan,nan,60,nan
1606773203.255532,0.0,nan,30.0,nan,nan,90.0,nan,nan,nan,nan,nan,nan,nan,nan,nan,nan,nan,nan,nan,30.0,nan,60.0,nan,nan,nan,nan,nan,nan,nan,nan,nan,nan,nan,0.0,nan,nan,nan,nan,nan,nan,nan,90.0,nan,nan,nan,30.0,120.0,nan,nan,nan,nan,nan,nan,nan,60.0,nan
1606773557.715222,0.0,nan,30.0,nan,nan,90.0,nan,nan,nan,nan,nan,nan,nan,nan,nan,nan,nan,nan,nan,30.0,nan,60.0,nan,nan,nan,nan,nan,nan,nan,nan,nan,nan,nan,0.0,nan,nan,nan,nan,nan,nan,nan,90.0,nan,nan,nan,30.0,120.0,nan,nan,nan,nan,nan,nan,nan,60.0,nan
1606773564.247589,0.0,nan,30.0,nan,nan,90.0,nan,nan,nan,nan,nan,nan,nan,nan,nan,nan,nan,nan,nan,30.0,nan,60.0,nan,nan,nan,nan,nan,nan,nan,nan,nan,nan,nan,0.0,nan,nan,nan,nan,nan,nan,nan,90.0,nan,nan,nan,30.0,120.0,nan,nan,nan,nan,nan,nan,nan,60.0,nan
1606773592.359494,0.0,nan,30.0,nan,nan,90.0,nan,nan,nan,nan,nan,nan,nan,nan,nan,nan,nan,nan,nan,30.0,nan,60.0,nan,nan,nan,nan,nan,nan,nan,nan,nan,nan,nan,0.0,nan,nan,nan,nan,nan,nan,nan,90.0,nan,nan,nan,30.0,120.0,nan,nan,nan,nan,nan,nan,nan,60.0,nan
1606773775.56227,0.0,nan,30.0,nan,nan,90.0,nan,nan,nan,nan,nan,nan,nan,nan,nan,nan,nan,nan,nan,30.0,nan,60.0,nan,nan,nan,nan,nan,nan,nan,nan,nan,nan,nan,0.0,nan,nan,nan,nan,nan,nan,nan,90.0,nan,nan,nan,30.0,120.0,nan,nan,nan,nan,nan,nan,nan,60.0,nan
1606773789.581712,0.0,nan,30.0,nan,nan,90.0,nan,nan,nan,nan,nan,nan,nan,nan,nan,nan,nan,nan,nan,30.0,nan,60.0,nan,nan,nan,nan,nan,nan,nan,nan,nan,nan,nan,0.0,nan,nan,nan,nan,nan,nan,nan,90.0,nan,nan,nan,30.0,120.0,nan,nan,nan,nan,nan,nan,nan,60.0,nan
1606773812.11559,0.0,nan,30.0,nan,nan,90.0,nan,nan,nan,nan,nan,nan,nan,nan,nan,nan,nan,nan,nan,30.0,nan,60.0,nan,nan,nan,nan,nan,nan,nan,nan,nan,nan,nan,0.0,nan,nan,nan,nan,nan,nan,nan,90.0,nan,nan,nan,30.0,120.0,nan,nan,nan,nan,nan,nan,nan,60.0,nan
1606773815.956162,0.0,nan,30.0,nan,nan,90.0,nan,nan,nan,nan,nan,nan,nan,nan,nan,nan,nan,nan,nan,30.0,nan,60.0,nan,nan,nan,nan,nan,nan,nan,nan,nan,nan,nan,0.0,nan,nan,nan,nan,nan,nan,nan,90.0,nan,nan,nan,30.0,120.0,nan,nan,nan,nan,nan,nan,nan,60.0,nan
1606773830.089389,0.0,nan,30.0,nan,nan,90.0,nan,nan,nan,nan,nan,nan,nan,nan,nan,nan,nan,nan,nan,30.0,nan,60.0,nan,nan,nan,nan,nan,nan,nan,nan,nan,nan,nan,0.0,nan,nan,nan,nan,nan,nan,nan,90.0,nan,nan,nan,30.0,120.0,nan,nan,nan,nan,nan,nan,nan,60.0,nan
1606773833.630886,0.0,nan,30.0,nan,nan,90.0,nan,nan,nan,nan,nan,nan,nan,nan,nan,nan,nan,nan,nan,30.0,nan,60.0,nan,nan,nan,nan,nan,nan,nan,nan,nan,nan,nan,0.0,nan,nan,nan,nan,nan,nan,nan,90.0,nan,nan,nan,30.0,120.0,nan,nan,nan,nan,nan,nan,nan,60.0,nan
1606773869.145698,0.0,nan,30.0,nan,nan,90.0,nan,nan,nan,nan,nan,nan,nan,nan,nan,nan,nan,nan,nan,30.0,nan,60.0,nan,nan,nan,nan,nan,nan,nan,nan,nan,nan,nan,0.0,nan,nan,nan,nan,nan,nan,nan,90.0,nan,nan,nan,30.0,120.0,nan,nan,nan,nan,nan,nan,nan,60.0,nan
1606773877.000415,0.0,nan,30.0,nan,nan,90.0,nan,nan,nan,nan,nan,nan,nan,nan,nan,nan,nan,nan,nan,30.0,nan,60.0,nan,nan,nan,nan,nan,nan,nan,nan,nan,nan,nan,0.0,nan,nan,nan,nan,nan,nan,nan,90.0,nan,nan,nan,30.0,120.0,nan,nan,nan,nan,nan,nan,nan,60.0,nan
1606773926.897455,0.0,nan,30.0,nan,nan,90.0,nan,nan,nan,nan,nan,nan,nan,nan,nan,nan,nan,nan,nan,30.0,nan,60.0,nan,nan,nan,nan,nan,nan,nan,nan,nan,nan,nan,0.0,nan,nan,nan,nan,nan,nan,nan,90.0,nan,nan,nan,30.0,120.0,nan,nan,nan,nan,nan,nan,nan,60.0,nan
1606773937.737495,0.0,nan,30.0,nan,nan,90.0,nan,nan,nan,nan,nan,nan,nan,nan,nan,nan,nan,nan,nan,30.0,nan,60.0,nan,nan,nan,nan,nan,nan,nan,nan,nan,nan,nan,0.0,nan,nan,nan,nan,nan,nan,nan,90.0,nan,nan,nan,30.0,120.0,nan,nan,nan,nan,nan,nan,nan,60.0,nan
1606773978.744919,0.0,nan,30.0,nan,nan,90.0,nan,nan,nan,nan,nan,nan,nan,nan,nan,nan,nan,nan,nan,30.0,nan,60.0,nan,nan,nan,nan,nan,nan,nan,nan,nan,nan,nan,0.0,nan,nan,nan,nan,nan,nan,nan,90.0,nan,nan,nan,30.0,120.0,nan,nan,nan,nan,nan,nan,nan,60.0,nan
1606774026.273734,0.0,nan,30.0,nan,nan,90.0,nan,nan,nan,nan,nan,nan,nan,nan,nan,nan,nan,nan,nan,30.0,nan,60.0,nan,nan,nan,nan,nan,nan,nan,nan,nan,nan,nan,0.0,nan,nan,nan,nan,nan,nan,nan,90.0,nan,nan,nan,30.0,120.0,nan,nan,nan,nan,nan,nan,nan,60.0,nan
1606774033.754495,0.0,nan,30.0,nan,nan,90.0,nan,nan,nan,nan,nan,nan,nan,nan,nan,nan,nan,nan,nan,30.0,nan,60.0,nan,nan,nan,nan,nan,nan,nan,nan,nan,nan,nan,0.0,nan,nan,nan,nan,nan,nan,nan,90.0,nan,nan,nan,30.0,120.0,nan,nan,nan,nan,nan,nan,nan,60.0,nan
1606774081.64111,0.0,nan,30.0,nan,nan,90.0,nan,nan,nan,nan,nan,nan,nan,nan,nan,nan,nan,nan,nan,30.0,nan,60.0,nan,nan,nan,nan,nan,nan,nan,nan,nan,nan,nan,0.0,nan,nan,nan,nan,nan,nan,nan,90.0,nan,nan,nan,30.0,120.0,nan,nan,nan,nan,nan,nan,nan,60.0,nan
1606774093.699635,0.0,nan,30.0,nan,nan,90.0,nan,nan,nan,nan,nan,nan,nan,nan,nan,nan,nan,nan,nan,30.0,nan,60.0,nan,nan,nan,nan,nan,nan,nan,nan,nan,nan,nan,0.0,nan,nan,nan,nan,nan,nan,nan,90.0,nan,nan,nan,30.0,120.0,nan,nan,nan,nan,nan,nan,nan,60.0,nan
1606774187.697976,0.0,nan,30.0,nan,nan,90.0,nan,nan,nan,nan,nan,nan,nan,nan,nan,nan,nan,nan,nan,30.0,nan,60.0,nan,nan,nan,nan,nan,nan,nan,nan,nan,nan,nan,0.0,nan,nan,nan,nan,nan,nan,nan,90.0,nan,nan,nan,30.0,120.0,nan,nan,nan,nan,nan,nan,nan,60.0,nan
1606774197.011975,0.0,nan,30.0,nan,nan,90.0,nan,nan,nan,nan,nan,nan,nan,nan,nan,nan,nan,nan,nan,30.0,nan,60.0,nan,nan,nan,nan,nan,nan,nan,nan,nan,nan,nan,0.0,nan,nan,nan,nan,nan,nan,nan,90.0,nan,nan,nan,30.0,120.0,nan,nan,nan,nan,nan,nan,nan,60.0,nan
1606774219.458533,0.0,nan,30.0,nan,nan,90.0,nan,nan,nan,nan,nan,nan,nan,nan,nan,nan,nan,nan,nan,30.0,nan,60.0,nan,nan,nan,nan,nan,nan,nan,nan,nan,nan,nan,0.0,nan,nan,nan,nan,nan,nan,nan,90.0,nan,nan,nan,30.0,120.0,nan,nan,nan,nan,nan,nan,nan,60.0,nan
1606775991.927789,0.0,nan,30.0,nan,nan,90.0,nan,nan,nan,nan,nan,nan,nan,nan,nan,nan,nan,nan,nan,30.0,nan,60.0,nan,nan,nan,nan,nan,nan,nan,nan,nan,nan,nan,0.0,nan,nan,nan,nan,nan,nan,nan,90.0,nan,nan,nan,30.0,120.0,nan,nan,nan,nan,nan,nan,nan,60.0,nan
1606776079.054181,0.0,nan,30.0,nan,nan,90.0,nan,nan,nan,nan,nan,nan,nan,nan,nan,nan,nan,nan,nan,30.0,nan,60.0,nan,nan,nan,nan,nan,nan,nan,nan,nan,nan,nan,0.0,nan,nan,nan,nan,nan,nan,nan,90.0,nan,nan,nan,30.0,120.0,nan,nan,nan,nan,nan,nan,nan,60.0,nan
1606776087.891758,0.0,nan,30.0,nan,nan,90.0,nan,nan,nan,nan,nan,nan,nan,nan,nan,nan,nan,nan,nan,30.0,nan,60.0,nan,nan,nan,nan,nan,nan,nan,nan,nan,nan,nan,0.0,nan,nan,nan,nan,nan,nan,nan,90.0,nan,nan,nan,30.0,120.0,nan,nan,nan,nan,nan,nan,nan,60.0,nan
1606776109.765112,0.0,nan,30.0,nan,nan,90.0,nan,nan,nan,nan,nan,nan,nan,nan,nan,nan,nan,nan,nan,30.0,nan,60.0,nan,nan,nan,nan,nan,nan,nan,nan,nan,nan,nan,0.0,nan,nan,nan,nan,nan,nan,nan,90.0,nan,nan,nan,30.0,120.0,nan,nan,nan,nan,nan,nan,nan,60.0,nan
1606776169.704664,0.0,nan,30.0,nan,nan,90.0,nan,nan,nan,nan,nan,nan,nan,nan,nan,nan,nan,nan,nan,30.0,nan,60.0,nan,nan,nan,nan,nan,nan,nan,nan,nan,nan,nan,0.0,nan,nan,nan,nan,nan,nan,nan,90.0,nan,nan,nan,30.0,120.0,nan,nan,nan,nan,nan,nan,nan,60.0,nan
1606776851.778795,0.0,nan,30.0,nan,nan,90.0,nan,nan,nan,nan,nan,nan,nan,nan,nan,nan,nan,nan,nan,30.0,nan,60.0,nan,nan,nan,nan,nan,nan,nan,nan,nan,nan,nan,0.0,nan,nan,nan,nan,nan,nan,nan,90.0,nan,nan,nan,30.0,120.0,nan,nan,nan,nan,nan,nan,nan,60.0,nan
1606776937.814745,0.0,nan,30.0,nan,nan,90.0,nan,nan,nan,nan,nan,nan,nan,nan,nan,nan,nan,nan,nan,30.0,nan,60.0,nan,nan,nan,nan,nan,nan,nan,nan,nan,nan,nan,0.0,nan,nan,nan,nan,nan,nan,nan,90.0,nan,nan,nan,30.0,120.0,nan,nan,nan,nan,nan,nan,nan,60.0,nan
1606777018.049149,0.0,nan,30.0,nan,nan,90.0,nan,nan,nan,nan,nan,nan,nan,nan,nan,nan,nan,nan,nan,30.0,nan,60.0,nan,nan,nan,nan,nan,nan,nan,nan,nan,nan,nan,0.0,nan,nan,nan,nan,nan,nan,nan,90.0,nan,nan,nan,30.0,120.0,nan,nan,nan,nan,nan,nan,nan,60.0,nan
1606777086.622151,0.0,nan,30.0,nan,nan,90.0,nan,nan,nan,nan,nan,nan,nan,nan,nan,nan,nan,nan,nan,30.0,nan,60.0,nan,nan,nan,nan,nan,nan,nan,nan,nan,nan,nan,0.0,nan,nan,nan,nan,nan,nan,nan,90.0,nan,nan,nan,30.0,120.0,nan,nan,nan,nan,nan,nan,nan,60.0,nan
1606777188.539123,0.0,nan,30.0,nan,nan,90.0,nan,nan,nan,nan,nan,nan,nan,nan,nan,nan,nan,nan,nan,30.0,nan,60.0,nan,nan,nan,nan,nan,nan,nan,nan,nan,nan,nan,0.0,nan,nan,nan,nan,nan,nan,nan,90.0,nan,nan,nan,30.0,120.0,nan,nan,nan,nan,nan,nan,nan,60.0,nan
1606777219.939957,0.0,nan,30.0,nan,nan,90.0,nan,nan,nan,nan,nan,nan,nan,nan,nan,nan,nan,nan,nan,30.0,nan,60.0,nan,nan,nan,nan,nan,nan,nan,nan,nan,nan,nan,0.0,nan,nan,nan,nan,nan,nan,nan,90.0,nan,nan,nan,30.0,120.0,nan,nan,nan,nan,nan,nan,nan,60.0,nan
1606777325.625469,0.0,nan,30.0,nan,nan,90.0,nan,nan,nan,nan,nan,nan,nan,nan,nan,nan,nan,nan,nan,30.0,nan,60.0,nan,nan,nan,nan,nan,nan,nan,nan,nan,nan,nan,0.0,nan,nan,nan,nan,nan,nan,nan,90.0,nan,nan,nan,30.0,120.0,nan,nan,nan,nan,nan,nan,nan,60.0,nan
1606777477.082441,0.0,nan,30.0,nan,nan,90.0,nan,nan,nan,nan,nan,nan,nan,nan,nan,nan,nan,nan,nan,30.0,nan,60.0,nan,nan,nan,nan,nan,nan,nan,nan,nan,nan,nan,0.0,nan,nan,nan,nan,nan,nan,nan,90.0,nan,nan,nan,30.0,120.0,nan,nan,nan,nan,nan,nan,nan,60.0,nan
1606778079.562535,0.0,nan,30.0,nan,nan,90.0,nan,nan,nan,nan,nan,nan,nan,nan,nan,nan,nan,nan,nan,30.0,nan,60.0,nan,nan,nan,nan,nan,nan,nan,nan,nan,nan,nan,0.0,nan,nan,nan,nan,nan,nan,nan,90.0,nan,nan,nan,30.0,120.0,nan,nan,nan,nan,nan,nan,nan,60.0,nan
1606778268.263481,0.0,nan,30.0,nan,nan,90.0,nan,nan,nan,nan,nan,nan,nan,nan,nan,nan,nan,nan,nan,30.0,nan,60.0,nan,nan,nan,nan,nan,nan,nan,nan,nan,nan,nan,0.0,nan,nan,nan,nan,nan,nan,nan,90.0,nan,nan,nan,30.0,120.0,nan,nan,nan,nan,nan,nan,nan,60.0,nan
1606778952.557781,nan,nan,0.0,nan,nan,nan,nan,nan,nan,nan,nan,nan,nan,nan,nan,nan,nan,nan,nan,nan,nan,0.0,nan,nan,nan,nan,nan,nan,nan,nan,nan,nan,nan,0.0,nan,nan,nan,nan,nan,nan,nan,60.0,nan,0.0,nan,nan,nan,nan,nan,nan,nan,nan,nan,nan,nan,nan
1606779451.839015,nan,nan,0.0,nan,nan,nan,nan,nan,nan,nan,nan,nan,nan,nan,nan,nan,nan,nan,nan,nan,nan,0.0,nan,nan,nan,nan,nan,nan,nan,nan,nan,nan,nan,0.0,nan,nan,nan,nan,nan,nan,nan,60.0,nan,0.0,nan,nan,nan,nan,nan,nan,nan,nan,nan,nan,nan,nan
1606779555.532509,nan,nan,0.0,nan,nan,nan,nan,nan,nan,nan,nan,nan,nan,nan,nan,nan,nan,nan,nan,nan,nan,0.0,nan,nan,nan,nan,nan,nan,nan,nan,nan,nan,nan,0.0,nan,nan,nan,nan,nan,nan,nan,60.0,nan,0.0,nan,nan,nan,nan,nan,nan,nan,nan,nan,nan,nan,nan
1606779663.415412,nan,nan,0.0,nan,nan,nan,nan,nan,nan,nan,nan,nan,nan,nan,nan,nan,nan,nan,nan,nan,nan,0.0,nan,nan,nan,nan,nan,nan,nan,nan,nan,nan,nan,0.0,nan,nan,nan,nan,nan,nan,nan,60.0,nan,0.0,nan,nan,nan,nan,nan,nan,nan,nan,nan,nan,nan,nan
1606779899.812082,nan,nan,0.0,nan,nan,nan,nan,nan,nan,nan,nan,nan,nan,nan,nan,nan,nan,nan,nan,nan,nan,0.0,nan,nan,nan,nan,nan,nan,nan,nan,nan,nan,nan,0.0,nan,nan,nan,nan,nan,nan,nan,60.0,nan,0.0,nan,nan,nan,nan,nan,nan,nan,nan,nan,nan,nan,nan
1606779922.116708,nan,nan,0.0,nan,nan,nan,nan,nan,nan,nan,nan,nan,nan,nan,nan,nan,nan,nan,nan,nan,nan,0.0,nan,nan,nan,nan,nan,nan,nan,nan,nan,nan,nan,0.0,nan,nan,nan,nan,nan,nan,nan,60.0,nan,0.0,nan,nan,nan,nan,nan,nan,nan,nan,nan,nan,nan,nan
1606779948.493827,nan,nan,0.0,nan,nan,nan,nan,nan,nan,nan,nan,nan,nan,nan,nan,nan,nan,nan,nan,nan,nan,0.0,nan,nan,nan,nan,nan,nan,nan,nan,nan,nan,nan,0.0,nan,nan,nan,nan,nan,nan,nan,60.0,nan,0.0,nan,nan,nan,nan,nan,nan,nan,nan,nan,nan,nan,nan
1606779976.851447,nan,nan,0.0,nan,nan,nan,nan,nan,nan,nan,nan,nan,nan,nan,nan,nan,nan,nan,nan,nan,nan,0.0,nan,nan,nan,nan,nan,nan,nan,nan,nan,nan,nan,0.0,nan,nan,nan,nan,nan,nan,nan,60.0,nan,0.0,nan,nan,nan,nan,nan,nan,nan,nan,nan,nan,nan,nan
1606779993.092719,nan,nan,0.0,nan,nan,nan,nan,nan,nan,nan,nan,nan,nan,nan,nan,nan,nan,nan,nan,nan,nan,0.0,nan,nan,nan,nan,nan,nan,nan,nan,nan,nan,nan,0.0,nan,nan,nan,nan,nan,nan,nan,60.0,nan,0.0,nan,nan,nan,nan,nan,nan,nan,nan,nan,nan,nan,nan
1606780011.987588,nan,nan,0.0,nan,nan,nan,nan,nan,nan,nan,nan,nan,nan,nan,nan,nan,nan,nan,nan,nan,nan,0.0,nan,nan,nan,nan,nan,nan,nan,nan,nan,nan,nan,0.0,nan,nan,nan,nan,nan,nan,nan,60.0,nan,0.0,nan,nan,nan,nan,nan,nan,nan,nan,nan,nan,nan,nan
1606780047.865427,nan,nan,0.0,nan,nan,nan,nan,nan,nan,nan,nan,nan,nan,nan,nan,nan,nan,nan,nan,nan,nan,0.0,nan,nan,nan,nan,nan,nan,nan,nan,nan,nan,nan,0.0,nan,nan,nan,nan,nan,nan,nan,60.0,nan,0.0,nan,nan,nan,nan,nan,nan,nan,nan,nan,nan,nan,nan
1606780064.11234,nan,nan,0.0,nan,nan,nan,nan,nan,nan,nan,nan,nan,nan,nan,nan,nan,nan,nan,nan,nan,nan,0.0,nan,nan,nan,nan,nan,nan,nan,nan,nan,nan,nan,0.0,nan,nan,nan,nan,nan,nan,nan,60.0,nan,0.0,nan,nan,nan,nan,nan,nan,nan,nan,nan,nan,nan,nan
1606780100.503796,nan,nan,0.0,nan,nan,nan,nan,nan,nan,nan,nan,nan,nan,nan,nan,nan,nan,nan,nan,nan,nan,0.0,nan,nan,nan,nan,nan,nan,nan,nan,nan,nan,nan,0.0,nan,nan,nan,nan,nan,nan,nan,60.0,nan,0.0,nan,nan,nan,nan,nan,nan,nan,nan,nan,nan,nan,nan
1606780283.410912,nan,nan,0.0,nan,nan,nan,nan,nan,nan,nan,nan,nan,nan,nan,nan,nan,nan,nan,nan,nan,nan,0.0,nan,nan,nan,nan,nan,nan,nan,nan,nan,nan,nan,0.0,nan,nan,nan,nan,nan,nan,nan,60.0,nan,0.0,nan,nan,nan,nan,nan,nan,nan,nan,nan,nan,nan,nan
1606780307.646214,nan,nan,0.0,nan,nan,nan,nan,nan,nan,nan,nan,nan,nan,nan,nan,nan,nan,nan,nan,nan,nan,0.0,nan,nan,nan,nan,nan,nan,nan,nan,nan,nan,nan,0.0,nan,nan,nan,nan,nan,nan,nan,60.0,nan,0.0,nan,nan,nan,nan,nan,nan,nan,nan,nan,nan,nan,nan
1606780314.390769,nan,nan,0.0,nan,nan,nan,nan,nan,nan,nan,nan,nan,nan,nan,nan,nan,nan,nan,nan,nan,nan,0.0,nan,nan,nan,nan,nan,nan,nan,nan,nan,nan,nan,0.0,nan,nan,nan,nan,nan,nan,nan,60.0,nan,0.0,nan,nan,nan,nan,nan,nan,nan,nan,nan,nan,nan,nan
1606780323.942705,nan,nan,0.0,nan,nan,nan,nan,nan,nan,nan,nan,nan,nan,nan,nan,nan,nan,nan,nan,nan,nan,0.0,nan,nan,nan,nan,nan,nan,nan,nan,nan,nan,nan,0.0,nan,nan,nan,nan,nan,nan,nan,60.0,nan,0.0,nan,nan,nan,nan,nan,nan,nan,nan,nan,nan,nan,nan
1606780422.20478,nan,nan,0.0,nan,nan,nan,nan,nan,nan,nan,nan,nan,nan,nan,nan,nan,nan,nan,nan,nan,nan,0.0,nan,nan,nan,nan,nan,nan,nan,nan,nan,nan,nan,0.0,nan,nan,nan,nan,nan,nan,nan,60.0,nan,0.0,nan,nan,nan,nan,nan,nan,nan,nan,nan,nan,nan,nan
1606780469.132216,nan,nan,0.0,nan,nan,nan,nan,nan,nan,nan,nan,nan,nan,nan,nan,nan,nan,nan,nan,nan,nan,0.0,nan,nan,nan,nan,nan,nan,nan,nan,nan,nan,nan,0.0,nan,nan,nan,nan,nan,nan,nan,60.0,nan,0.0,nan,nan,nan,nan,nan,nan,nan,nan,nan,nan,nan,nan
1606780478.112192,nan,nan,0.0,nan,nan,nan,nan,nan,nan,nan,nan,nan,nan,nan,nan,nan,nan,nan,nan,nan,nan,0.0,nan,nan,nan,nan,nan,nan,nan,nan,nan,nan,nan,0.0,nan,nan,nan,nan,nan,nan,nan,60.0,nan,0.0,nan,nan,nan,nan,nan,nan,nan,nan,nan,nan,nan,nan
1606780498.647888,nan,nan,0.0,nan,nan,nan,nan,nan,nan,nan,nan,nan,nan,nan,nan,nan,nan,nan,nan,nan,nan,0.0,nan,nan,nan,nan,nan,nan,nan,nan,nan,nan,nan,0.0,nan,nan,nan,nan,nan,nan,nan,60.0,nan,0.0,nan,nan,nan,nan,nan,nan,nan,nan,nan,nan,nan,nan
1606780549.690465,nan,nan,0.0,nan,nan,nan,nan,nan,nan,nan,nan,nan,nan,nan,nan,nan,nan,nan,nan,nan,nan,0.0,nan,nan,nan,nan,nan,nan,nan,nan,nan,nan,nan,0.0,nan,nan,nan,nan,nan,nan,nan,60.0,nan,0.0,nan,nan,nan,nan,nan,nan,nan,nan,nan,nan,nan,nan
1606780568.983186,nan,nan,0.0,nan,nan,nan,nan,nan,nan,nan,nan,nan,nan,nan,nan,nan,nan,nan,nan,nan,nan,0.0,nan,nan,nan,nan,nan,nan,nan,nan,nan,nan,nan,0.0,nan,nan,nan,nan,nan,nan,nan,60.0,nan,0.0,nan,nan,nan,nan,nan,nan,nan,nan,nan,nan,nan,nan
1606780581.580916,nan,nan,0.0,nan,nan,nan,nan,nan,nan,nan,nan,nan,nan,nan,nan,nan,nan,nan,nan,nan,nan,0.0,nan,nan,nan,nan,nan,nan,nan,nan,nan,nan,nan,0.0,nan,nan,nan,nan,nan,nan,nan,60.0,nan,0.0,nan,nan,nan,nan,nan,nan,nan,nan,nan,nan,nan,nan
1606780861.750723,nan,nan,0.0,nan,nan,nan,nan,nan,nan,nan,nan,nan,nan,nan,nan,nan,nan,nan,nan,nan,nan,0.0,nan,nan,nan,nan,nan,nan,nan,nan,nan,nan,nan,0.0,nan,nan,nan,nan,nan,nan,nan,60.0,nan,0.0,nan,nan,nan,nan,nan,nan,nan,nan,nan,nan,nan,nan
1606781328.575485,nan,nan,0.0,nan,nan,nan,nan,nan,nan,nan,nan,nan,nan,nan,nan,nan,nan,nan,nan,nan,nan,0.0,nan,nan,nan,nan,nan,nan,nan,nan,nan,nan,nan,0.0,nan,nan,nan,nan,nan,nan,nan,60.0,nan,0.0,nan,nan,nan,nan,nan,nan,nan,nan,nan,nan,nan,nan
1606781467.203544,nan,nan,0.0,nan,nan,nan,nan,nan,nan,nan,nan,nan,nan,nan,nan,nan,nan,nan,nan,nan,nan,0.0,nan,nan,nan,nan,nan,nan,nan,nan,nan,nan,nan,0.0,nan,nan,nan,nan,nan,nan,nan,60.0,nan,0.0,nan,nan,nan,nan,nan,nan,nan,nan,nan,nan,nan,nan
1606781721.858594,nan,nan,0.0,nan,nan,nan,nan,nan,nan,nan,nan,nan,nan,nan,nan,nan,nan,nan,nan,nan,nan,0.0,nan,nan,nan,nan,nan,nan,nan,nan,nan,nan,nan,0.0,nan,nan,nan,nan,nan,nan,nan,60.0,nan,0.0,nan,nan,nan,nan,nan,nan,nan,nan,nan,nan,nan,nan
1606781826.496637,nan,nan,0.0,nan,nan,nan,nan,nan,nan,nan,nan,nan,nan,nan,nan,nan,nan,nan,nan,nan,nan,0.0,nan,nan,nan,nan,nan,nan,nan,nan,nan,nan,nan,0.0,nan,nan,nan,nan,nan,nan,nan,60.0,nan,0.0,nan,nan,nan,nan,nan,nan,nan,nan,nan,nan,nan,nan
1606781922.80506,nan,nan,0.0,nan,nan,nan,nan,nan,nan,nan,nan,nan,nan,nan,nan,nan,nan,nan,nan,nan,nan,0.0,nan,nan,nan,nan,nan,nan,nan,nan,nan,nan,nan,0.0,nan,nan,nan,nan,nan,nan,nan,60.0,nan,0.0,nan,nan,nan,nan,nan,nan,nan,nan,nan,nan,nan,nan
1606782828.642399,nan,nan,0.0,nan,nan,nan,nan,nan,nan,nan,nan,nan,nan,nan,nan,nan,nan,nan,nan,nan,nan,0.0,nan,nan,nan,nan,nan,nan,nan,nan,nan,nan,nan,0.0,nan,nan,nan,nan,nan,nan,nan,60.0,nan,0.0,nan,nan,nan,nan,nan,nan,nan,nan,nan,nan,nan,nan
1606783734.253568,nan,nan,0.0,nan,nan,nan,nan,nan,nan,nan,nan,nan,nan,nan,nan,nan,nan,nan,nan,nan,nan,0.0,nan,nan,nan,nan,nan,nan,nan,nan,nan,nan,nan,0.0,nan,nan,nan,nan,nan,nan,nan,60.0,nan,0.0,nan,nan,nan,nan,nan,nan,nan,nan,nan,nan,nan,nan
1606784639.940832,nan,nan,0.0,nan,nan,nan,nan,nan,nan,nan,nan,nan,nan,nan,nan,nan,nan,nan,nan,nan,nan,0.0,nan,nan,nan,nan,nan,nan,nan,nan,nan,nan,nan,0.0,nan,nan,nan,nan,nan,nan,nan,60.0,nan,0.0,nan,nan,nan,nan,nan,nan,nan,nan,nan,nan,nan,nan
1606785546.006304,nan,nan,0.0,nan,nan,nan,nan,nan,nan,nan,nan,nan,nan,nan,nan,nan,nan,nan,nan,nan,nan,0.0,nan,nan,nan,nan,nan,nan,nan,nan,nan,nan,nan,0.0,nan,nan,nan,nan,nan,nan,nan,60.0,nan,0.0,nan,nan,nan,nan,nan,nan,nan,nan,nan,nan,nan,nan
1606786451.76225,nan,nan,0.0,nan,nan,nan,nan,nan,nan,nan,nan,nan,nan,nan,nan,nan,nan,nan,nan,nan,nan,0.0,nan,nan,nan,nan,nan,nan,nan,nan,nan,nan,nan,0.0,nan,nan,nan,nan,nan,nan,nan,60.0,nan,0.0,nan,nan,nan,nan,nan,nan,nan,nan,nan,nan,nan,nan
1606787357.812285,nan,nan,0.0,nan,nan,nan,nan,nan,nan,nan,nan,nan,nan,nan,nan,nan,nan,nan,nan,nan,nan,0.0,nan,nan,nan,nan,nan,nan,nan,nan,nan,nan,nan,0.0,nan,nan,nan,nan,nan,nan,nan,60.0,nan,0.0,nan,nan,nan,nan,nan,nan,nan,nan,nan,nan,nan,nan
1606787730.005433,nan,nan,0.0,nan,nan,nan,nan,nan,nan,nan,nan,nan,nan,nan,nan,nan,nan,nan,nan,nan,nan,0.0,nan,nan,nan,nan,nan,nan,nan,nan,nan,nan,nan,0.0,nan,nan,nan,nan,nan,nan,nan,60.0,nan,0.0,nan,nan,nan,nan,nan,nan,nan,nan,nan,nan,nan,nan
1606788635.655367,nan,nan,0.0,nan,nan,nan,nan,nan,nan,nan,nan,nan,nan,nan,nan,nan,nan,nan,nan,nan,nan,0.0,nan,nan,nan,nan,nan,nan,nan,nan,nan,nan,nan,0.0,nan,nan,nan,nan,nan,nan,nan,60.0,nan,0.0,nan,nan,nan,nan,nan,nan,nan,nan,nan,nan,nan,nan
1606790630.233256,nan,nan,0.0,nan,nan,nan,nan,nan,nan,nan,nan,nan,nan,nan,nan,nan,nan,nan,nan,nan,nan,0.0,nan,nan,nan,nan,nan,nan,nan,nan,nan,nan,nan,0.0,nan,nan,nan,nan,nan,nan,nan,60.0,nan,0.0,nan,nan,nan,nan,nan,nan,nan,nan,nan,nan,nan,nan
1606791536.062247,nan,nan,0.0,nan,nan,nan,nan,nan,nan,nan,nan,nan,nan,nan,nan,nan,nan,nan,nan,nan,nan,0.0,nan,nan,nan,nan,nan,nan,nan,nan,nan,nan,nan,0.0,nan,nan,nan,nan,nan,nan,nan,60.0,nan,0.0,nan,nan,nan,nan,nan,nan,nan,nan,nan,nan,nan,nan
1606792441.806216,nan,nan,0.0,nan,nan,nan,nan,nan,nan,nan,nan,nan,nan,nan,nan,nan,nan,nan,nan,nan,nan,0.0,nan,nan,nan,nan,nan,nan,nan,nan,nan,nan,nan,0.0,nan,nan,nan,nan,nan,nan,nan,60.0,nan,0.0,nan,nan,nan,nan,nan,nan,nan,nan,nan,nan,nan,nan
1606793347.779308,nan,nan,0.0,nan,nan,nan,nan,nan,nan,nan,nan,nan,nan,nan,nan,nan,nan,nan,nan,nan,nan,0.0,nan,nan,nan,nan,nan,nan,nan,nan,nan,nan,nan,0.0,nan,nan,nan,nan,nan,nan,nan,60.0,nan,0.0,nan,nan,nan,nan,nan,nan,nan,nan,nan,nan,nan,nan
1606794253.249266,nan,nan,0.0,nan,nan,nan,nan,nan,nan,nan,nan,nan,nan,nan,nan,nan,nan,nan,nan,nan,nan,0.0,nan,nan,nan,nan,nan,nan,nan,nan,nan,nan,nan,0.0,nan,nan,nan,nan,nan,nan,nan,60.0,nan,0.0,nan,nan,nan,nan,nan,nan,nan,nan,nan,nan,nan,nan
1606795159.905726,nan,nan,0.0,nan,nan,nan,nan,nan,nan,nan,nan,nan,nan,nan,nan,nan,nan,nan,nan,nan,nan,0.0,nan,nan,nan,nan,nan,nan,nan,nan,nan,nan,nan,0.0,nan,nan,nan,nan,nan,nan,nan,60.0,nan,0.0,nan,nan,nan,nan,nan,nan,nan,nan,nan,nan,nan,nan
1606796066.266798,nan,nan,0.0,nan,nan,nan,nan,nan,nan,nan,nan,nan,nan,nan,nan,nan,nan,nan,nan,nan,nan,0.0,nan,nan,nan,nan,nan,nan,nan,nan,nan,nan,nan,0.0,nan,nan,nan,nan,nan,nan,nan,60.0,nan,0.0,nan,nan,nan,nan,nan,nan,nan,nan,nan,nan,nan,nan
1606796971.928273,nan,nan,0.0,nan,nan,nan,nan,nan,nan,nan,nan,nan,nan,nan,nan,nan,nan,nan,nan,nan,nan,0.0,nan,nan,nan,nan,nan,nan,nan,nan,nan,nan,nan,0.0,nan,nan,nan,nan,nan,nan,nan,60.0,nan,0.0,nan,nan,nan,nan,nan,nan,nan,nan,nan,nan,nan,nan
1606797792.149744,nan,nan,0.0,nan,nan,nan,nan,nan,nan,nan,nan,nan,nan,nan,nan,nan,nan,nan,nan,nan,nan,0.0,nan,nan,nan,nan,nan,nan,nan,nan,nan,nan,nan,0.0,nan,nan,nan,nan,nan,nan,nan,60.0,nan,0.0,nan,nan,nan,nan,nan,nan,nan,nan,nan,nan,nan,nan
1606797808.425931,nan,nan,0.0,nan,nan,nan,nan,nan,nan,nan,nan,nan,nan,nan,nan,nan,nan,nan,nan,nan,nan,0.0,nan,nan,nan,nan,nan,nan,nan,nan,nan,nan,nan,0.0,nan,nan,nan,nan,nan,nan,nan,60.0,nan,0.0,nan,nan,nan,nan,nan,nan,nan,nan,nan,nan,nan,nan
1606797819.989855,nan,nan,0.0,nan,nan,nan,nan,nan,nan,nan,nan,nan,nan,nan,nan,nan,nan,nan,nan,nan,nan,0.0,nan,nan,nan,nan,nan,nan,nan,nan,nan,nan,nan,0.0,nan,nan,nan,nan,nan,nan,nan,60.0,nan,0.0,nan,nan,nan,nan,nan,nan,nan,nan,nan,nan,nan,nan
1606797833.669466,nan,nan,0.0,nan,nan,nan,nan,nan,nan,nan,nan,nan,nan,nan,nan,nan,nan,nan,nan,nan,nan,0.0,nan,nan,nan,nan,nan,nan,nan,nan,nan,nan,nan,0.0,nan,nan,nan,nan,nan,nan,nan,60.0,nan,0.0,nan,nan,nan,nan,nan,nan,nan,nan,nan,nan,nan,nan
1606798044.323151,nan,nan,0.0,nan,nan,nan,nan,nan,nan,nan,nan,nan,nan,nan,nan,nan,nan,nan,nan,nan,nan,0.0,nan,nan,nan,nan,nan,nan,nan,nan,nan,nan,nan,0.0,nan,nan,nan,nan,nan,nan,nan,60.0,nan,0.0,nan,nan,nan,nan,nan,nan,nan,nan,nan,nan,nan,nan
1606798344.131331,nan,nan,0.0,nan,nan,nan,nan,nan,nan,nan,nan,nan,nan,nan,nan,nan,nan,nan,nan,nan,nan,0.0,nan,nan,nan,nan,nan,nan,nan,nan,nan,nan,nan,0.0,nan,nan,nan,nan,nan,nan,nan,60.0,nan,0.0,nan,nan,nan,nan,nan,nan,nan,nan,nan,nan,nan,nan
1606799253.905005,nan,nan,0.0,nan,nan,nan,nan,nan,nan,nan,nan,nan,nan,nan,nan,nan,nan,nan,nan,nan,nan,0.0,nan,nan,nan,nan,nan,nan,nan,nan,nan,nan,nan,0.0,nan,nan,nan,nan,nan,nan,nan,60.0,nan,0.0,nan,nan,nan,nan,nan,nan,nan,nan,nan,nan,nan,nan
1606799794.380952,nan,nan,0.0,nan,nan,nan,nan,nan,nan,nan,nan,nan,nan,nan,nan,nan,nan,nan,nan,nan,nan,0.0,nan,nan,nan,nan,nan,nan,nan,nan,nan,nan,nan,0.0,nan,nan,nan,nan,nan,nan,nan,60.0,nan,0.0,nan,nan,nan,nan,nan,nan,nan,nan,nan,nan,nan,nan
1606800702.744124,nan,nan,0.0,nan,nan,nan,nan,nan,nan,nan,nan,nan,nan,nan,nan,nan,nan,nan,nan,nan,nan,0.0,nan,nan,nan,nan,nan,nan,nan,nan,nan,nan,nan,0.0,nan,nan,nan,nan,nan,nan,nan,60.0,nan,0.0,nan,nan,nan,nan,nan,nan,nan,nan,nan,nan,nan,nan
1606801611.424291,nan,nan,0.0,nan,nan,nan,nan,nan,nan,nan,nan,nan,nan,nan,nan,nan,nan,nan,nan,nan,nan,0.0,nan,nan,nan,nan,nan,nan,nan,nan,nan,nan,nan,0.0,nan,nan,nan,nan,nan,nan,nan,60.0,nan,0.0,nan,nan,nan,nan,nan,nan,nan,nan,nan,nan,nan,nan
1606802520.470124,nan,nan,0.0,nan,nan,nan,nan,nan,nan,nan,nan,nan,nan,nan,nan,nan,nan,nan,nan,nan,nan,0.0,nan,nan,nan,nan,nan,nan,nan,nan,nan,nan,nan,0.0,nan,nan,nan,nan,nan,nan,nan,60.0,nan,0.0,nan,nan,nan,nan,nan,nan,nan,nan,nan,nan,nan,nan
1606803428.913872,nan,nan,0.0,nan,nan,nan,nan,nan,nan,nan,nan,nan,nan,nan,nan,nan,nan,nan,nan,nan,nan,0.0,nan,nan,nan,nan,nan,nan,nan,nan,nan,nan,nan,0.0,nan,nan,nan,nan,nan,nan,nan,60.0,nan,0.0,nan,nan,nan,nan,nan,nan,nan,nan,nan,nan,nan,nan
1606804202.297231,nan,nan,0.0,nan,nan,nan,nan,nan,nan,nan,nan,nan,nan,nan,nan,nan,nan,nan,nan,nan,nan,0.0,nan,nan,nan,nan,nan,nan,nan,nan,nan,nan,nan,0.0,nan,nan,nan,nan,nan,nan,nan,60.0,nan,0.0,nan,nan,nan,nan,nan,nan,nan,nan,nan,nan,nan,nan
1606805110.528105,nan,nan,0.0,nan,nan,nan,nan,nan,nan,nan,nan,nan,nan,nan,nan,nan,nan,nan,nan,nan,nan,0.0,nan,nan,nan,nan,nan,nan,nan,nan,nan,nan,nan,0.0,nan,nan,nan,nan,nan,nan,nan,60.0,nan,0.0,nan,nan,nan,nan,nan,nan,nan,nan,nan,nan,nan,nan
1606806018.898273,nan,nan,0.0,nan,nan,nan,nan,nan,nan,nan,nan,nan,nan,nan,nan,nan,nan,nan,nan,nan,nan,0.0,nan,nan,nan,nan,nan,nan,nan,nan,nan,nan,nan,0.0,nan,nan,nan,nan,nan,nan,nan,60.0,nan,0.0,nan,nan,nan,nan,nan,nan,nan,nan,nan,nan,nan,nan
1606806927.446258,nan,nan,0.0,nan,nan,nan,nan,nan,nan,nan,nan,nan,nan,nan,nan,nan,nan,nan,nan,nan,nan,0.0,nan,nan,nan,nan,nan,nan,nan,nan,nan,nan,nan,0.0,nan,nan,nan,nan,nan,nan,nan,60.0,nan,0.0,nan,nan,nan,nan,nan,nan,nan,nan,nan,nan,nan,nan
1606807836.47573,nan,nan,0.0,nan,nan,nan,nan,nan,nan,nan,nan,nan,nan,nan,nan,nan,nan,nan,nan,nan,nan,0.0,nan,nan,nan,nan,nan,nan,nan,nan,nan,nan,nan,0.0,nan,nan,nan,nan,nan,nan,nan,60.0,nan,0.0,nan,nan,nan,nan,nan,nan,nan,nan,nan,nan,nan,nan
1606808744.912802,nan,nan,0.0,nan,nan,nan,nan,nan,nan,nan,nan,nan,nan,nan,nan,nan,nan,nan,nan,nan,nan,0.0,nan,nan,nan,nan,nan,nan,nan,nan,nan,nan,nan,0.0,nan,nan,nan,nan,nan,nan,nan,60.0,nan,0.0,nan,nan,nan,nan,nan,nan,nan,nan,nan,nan,nan,nan
1606809653.587176,nan,nan,0.0,nan,nan,nan,nan,nan,nan,nan,nan,nan,nan,nan,nan,nan,nan,nan,nan,nan,nan,0.0,nan,nan,nan,nan,nan,nan,nan,nan,nan,nan,nan,0.0,nan,nan,nan,nan,nan,nan,nan,60.0,nan,0.0,nan,nan,nan,nan,nan,nan,nan,nan,nan,nan,nan,nan
1606810562.256051,nan,nan,0.0,nan,nan,nan,nan,nan,nan,nan,nan,nan,nan,nan,nan,nan,nan,nan,nan,nan,nan,0.0,nan,nan,nan,nan,nan,nan,nan,nan,nan,nan,nan,0.0,nan,nan,nan,nan,nan,nan,nan,60.0,nan,0.0,nan,nan,nan,nan,nan,nan,nan,nan,nan,nan,nan,nan
1606811470.716757,nan,nan,0.0,nan,nan,nan,nan,nan,nan,nan,nan,nan,nan,nan,nan,nan,nan,nan,nan,nan,nan,0.0,nan,nan,nan,nan,nan,nan,nan,nan,nan,nan,nan,0.0,nan,nan,nan,nan,nan,nan,nan,60.0,nan,0.0,nan,nan,nan,nan,nan,nan,nan,nan,nan,nan,nan,nan
1606812379.417825,nan,nan,0.0,nan,nan,nan,nan,nan,nan,nan,nan,nan,nan,nan,nan,nan,nan,nan,nan,nan,nan,0.0,nan,nan,nan,nan,nan,nan,nan,nan,nan,nan,nan,0.0,nan,nan,nan,nan,nan,nan,nan,60.0,nan,0.0,nan,nan,nan,nan,nan,nan,nan,nan,nan,nan,nan,nan
1606813288.471082,nan,nan,0.0,nan,nan,nan,nan,nan,nan,nan,nan,nan,nan,nan,nan,nan,nan,nan,nan,nan,nan,0.0,nan,nan,nan,nan,nan,nan,nan,nan,nan,nan,nan,0.0,nan,nan,nan,nan,nan,nan,nan,60.0,nan,0.0,nan,nan,nan,nan,nan,nan,nan,nan,nan,nan,nan,nan
1606814197.005565,nan,nan,0.0,nan,nan,nan,nan,nan,nan,nan,nan,nan,nan,nan,nan,nan,nan,nan,nan,nan,nan,0.0,nan,nan,nan,nan,nan,nan,nan,nan,nan,nan,nan,0.0,nan,nan,nan,nan,nan,nan,nan,60.0,nan,0.0,nan,nan,nan,nan,nan,nan,nan,nan,nan,nan,nan,nan
1606815105.499603,nan,nan,0.0,nan,nan,nan,nan,nan,nan,nan,nan,nan,nan,nan,nan,nan,nan,nan,nan,nan,nan,0.0,nan,nan,nan,nan,nan,nan,nan,nan,nan,nan,nan,0.0,nan,nan,nan,nan,nan,nan,nan,60.0,nan,0.0,nan,nan,nan,nan,nan,nan,nan,nan,nan,nan,nan,nan
1606816013.868609,nan,nan,0.0,nan,nan,nan,nan,nan,nan,nan,nan,nan,nan,nan,nan,nan,nan,nan,nan,nan,nan,0.0,nan,nan,nan,nan,nan,nan,nan,nan,nan,nan,nan,0.0,nan,nan,nan,nan,nan,nan,nan,60.0,nan,0.0,nan,nan,nan,nan,nan,nan,nan,nan,nan,nan,nan,nan
1606816922.151742,nan,nan,0.0,nan,nan,nan,nan,nan,nan,nan,nan,nan,nan,nan,nan,nan,nan,nan,nan,nan,nan,0.0,nan,nan,nan,nan,nan,nan,nan,nan,nan,nan,nan,0.0,nan,nan,nan,nan,nan,nan,nan,60.0,nan,0.0,nan,nan,nan,nan,nan,nan,nan,nan,nan,nan,nan,nan
1606817831.380668,nan,nan,0.0,nan,nan,nan,nan,nan,nan,nan,nan,nan,nan,nan,nan,nan,nan,nan,nan,nan,nan,0.0,nan,nan,nan,nan,nan,nan,nan,nan,nan,nan,nan,0.0,nan,nan,nan,nan,nan,nan,nan,60.0,nan,0.0,nan,nan,nan,nan,nan,nan,nan,nan,nan,nan,nan,nan
1606818740.523287,nan,nan,0.0,nan,nan,nan,nan,nan,nan,nan,nan,nan,nan,nan,nan,nan,nan,nan,nan,nan,nan,0.0,nan,nan,nan,nan,nan,nan,nan,nan,nan,nan,nan,0.0,nan,nan,nan,nan,nan,nan,nan,60.0,nan,0.0,nan,nan,nan,nan,nan,nan,nan,nan,nan,nan,nan,nan
1606819649.697318,nan,nan,0.0,nan,nan,nan,nan,nan,nan,nan,nan,nan,nan,nan,nan,nan,nan,nan,nan,nan,nan,0.0,nan,nan,nan,nan,nan,nan,nan,nan,nan,nan,nan,0.0,nan,nan,nan,nan,nan,nan,nan,60.0,nan,0.0,nan,nan,nan,nan,nan,nan,nan,nan,nan,nan,nan,nan
1606820558.528429,nan,nan,0.0,nan,nan,nan,nan,nan,nan,nan,nan,nan,nan,nan,nan,nan,nan,nan,nan,nan,nan,0.0,nan,nan,nan,nan,nan,nan,nan,nan,nan,nan,nan,0.0,nan,nan,nan,nan,nan,nan,nan,60.0,nan,0.0,nan,nan,nan,nan,nan,nan,nan,nan,nan,nan,nan,nan
1606821466.889016,nan,nan,0.0,nan,nan,nan,nan,nan,nan,nan,nan,nan,nan,nan,nan,nan,nan,nan,nan,nan,nan,0.0,nan,nan,nan,nan,nan,nan,nan,nan,nan,nan,nan,0.0,nan,nan,nan,nan,nan,nan,nan,60.0,nan,0.0,nan,nan,nan,nan,nan,nan,nan,nan,nan,nan,nan,nan
1606822376.040995,nan,nan,0.0,nan,nan,nan,nan,nan,nan,nan,nan,nan,nan,nan,nan,nan,nan,nan,nan,nan,nan,0.0,nan,nan,nan,nan,nan,nan,nan,nan,nan,nan,nan,0.0,nan,nan,nan,nan,nan,nan,nan,60.0,nan,0.0,nan,nan,nan,nan,nan,nan,nan,nan,nan,nan,nan,nan
1606823285.117408,nan,nan,0.0,nan,nan,nan,nan,nan,nan,nan,nan,nan,nan,nan,nan,nan,nan,nan,nan,nan,nan,0.0,nan,nan,nan,nan,nan,nan,nan,nan,nan,nan,nan,0.0,nan,nan,nan,nan,nan,nan,nan,60.0,nan,0.0,nan,nan,nan,nan,nan,nan,nan,nan,nan,nan,nan,nan
1606824193.968478,nan,nan,0.0,nan,nan,nan,nan,nan,nan,nan,nan,nan,nan,nan,nan,nan,nan,nan,nan,nan,nan,0.0,nan,nan,nan,nan,nan,nan,nan,nan,nan,nan,nan,0.0,nan,nan,nan,nan,nan,nan,nan,60.0,nan,0.0,nan,nan,nan,nan,nan,nan,nan,nan,nan,nan,nan,nan
1606825102.536933,nan,nan,0.0,nan,nan,nan,nan,nan,nan,nan,nan,nan,nan,nan,nan,nan,nan,nan,nan,nan,nan,0.0,nan,nan,nan,nan,nan,nan,nan,nan,nan,nan,nan,0.0,nan,nan,nan,nan,nan,nan,nan,60.0,nan,0.0,nan,nan,nan,nan,nan,nan,nan,nan,nan,nan,nan,nan
1606826011.063268,nan,nan,0.0,nan,nan,nan,nan,nan,nan,nan,nan,nan,nan,nan,nan,nan,nan,nan,nan,nan,nan,0.0,nan,nan,nan,nan,nan,nan,nan,nan,nan,nan,nan,0.0,nan,nan,nan,nan,nan,nan,nan,60.0,nan,0.0,nan,nan,nan,nan,nan,nan,nan,nan,nan,nan,nan,nan
1606826920.136995,nan,nan,0.0,nan,nan,nan,nan,nan,nan,nan,nan,nan,nan,nan,nan,nan,nan,nan,nan,nan,nan,0.0,nan,nan,nan,nan,nan,nan,nan,nan,nan,nan,nan,0.0,nan,nan,nan,nan,nan,nan,nan,60.0,nan,0.0,nan,nan,nan,nan,nan,nan,nan,nan,nan,nan,nan,nan
1606827829.721211,nan,nan,0.0,nan,nan,nan,nan,nan,nan,nan,nan,nan,nan,nan,nan,nan,nan,nan,nan,nan,nan,0.0,nan,nan,nan,nan,nan,nan,nan,nan,nan,nan,nan,0.0,nan,nan,nan,nan,nan,nan,nan,60.0,nan,0.0,nan,nan,nan,nan,nan,nan,nan,nan,nan,nan,nan,nan
1606828738.351737,nan,nan,0.0,nan,nan,nan,nan,nan,nan,nan,nan,nan,nan,nan,nan,nan,nan,nan,nan,nan,nan,0.0,nan,nan,nan,nan,nan,nan,nan,nan,nan,nan,nan,0.0,nan,nan,nan,nan,nan,nan,nan,60.0,nan,0.0,nan,nan,nan,nan,nan,nan,nan,nan,nan,nan,nan,nan
1606829648.598038,nan,nan,0.0,nan,nan,nan,nan,nan,nan,nan,nan,nan,nan,nan,nan,nan,nan,nan,nan,nan,nan,0.0,nan,nan,nan,nan,nan,nan,nan,nan,nan,nan,nan,0.0,nan,nan,nan,nan,nan,nan,nan,60.0,nan,0.0,nan,nan,nan,nan,nan,nan,nan,nan,nan,nan,nan,nan
1606830557.241376,nan,nan,0.0,nan,nan,nan,nan,nan,nan,nan,nan,nan,nan,nan,nan,nan,nan,nan,nan,nan,nan,0.0,nan,nan,nan,nan,nan,nan,nan,nan,nan,nan,nan,0.0,nan,nan,nan,nan,nan,nan,nan,60.0,nan,0.0,nan,nan,nan,nan,nan,nan,nan,nan,nan,nan,nan,nan
1606831466.118527,nan,nan,0.0,nan,nan,nan,nan,nan,nan,nan,nan,nan,nan,nan,nan,nan,nan,nan,nan,nan,nan,0.0,nan,nan,nan,nan,nan,nan,nan,nan,nan,nan,nan,0.0,nan,nan,nan,nan,nan,nan,nan,60.0,nan,0.0,nan,nan,nan,nan,nan,nan,nan,nan,nan,nan,nan,nan
1606832375.36256,0.0,nan,nan,nan,nan,nan,90.0,nan,nan,nan,nan,nan,nan,30.0,nan,nan,nan,nan,nan,nan,nan,nan,nan,nan,nan,nan,nan,30.0,nan,nan,nan,nan,60.0,nan,nan,60.0,nan,nan,nan,nan,nan,90.0,nan,nan,nan,nan,30.0,nan,0.0,nan,nan,nan,nan,nan,nan,nan
1606833285.113339,0.0,nan,nan,nan,nan,nan,90.0,nan,nan,nan,nan,nan,nan,30.0,nan,nan,nan,nan,nan,nan,nan,nan,nan,nan,nan,nan,nan,30.0,nan,nan,nan,nan,60.0,nan,nan,60.0,nan,nan,nan,nan,nan,90.0,nan,nan,nan,nan,30.0,nan,0.0,nan,nan,nan,nan,nan,nan,nan
1606834196.742138,0.0,nan,nan,nan,nan,nan,90.0,nan,nan,nan,nan,nan,nan,30.0,nan,nan,nan,nan,nan,nan,nan,nan,nan,nan,nan,nan,nan,30.0,nan,nan,nan,nan,60.0,nan,nan,60.0,nan,nan,nan,nan,nan,90.0,nan,nan,nan,nan,30.0,nan,0.0,nan,nan,nan,nan,nan,nan,nan
1606835108.350524,0.0,nan,nan,nan,nan,nan,90.0,nan,nan,nan,nan,nan,nan,30.0,nan,nan,nan,nan,nan,nan,nan,nan,nan,nan,nan,nan,nan,30.0,nan,nan,nan,nan,60.0,nan,nan,60.0,nan,nan,nan,nan,nan,90.0,nan,nan,nan,nan,30.0,nan,0.0,nan,nan,nan,nan,nan,nan,nan
1606836023.058882,0.0,nan,nan,nan,nan,nan,90.0,nan,nan,nan,nan,nan,nan,30.0,nan,nan,nan,nan,nan,nan,nan,nan,nan,nan,nan,nan,nan,30.0,nan,nan,nan,nan,60.0,nan,nan,60.0,nan,nan,nan,nan,nan,90.0,nan,nan,nan,nan,30.0,nan,0.0,nan,nan,nan,nan,nan,nan,nan
1606836933.620189,0.0,nan,30.0,nan,nan,90.0,nan,nan,nan,30.0,nan,nan,nan,nan,nan,nan,nan,nan,nan,nan,nan,60.0,nan,nan,nan,nan,nan,nan,nan,30.0,0.0,nan,nan,0.0,nan,90.0,nan,nan,nan,60.0,nan,90.0,nan,0.0,nan,nan,90.0,nan,0.0,nan,nan,nan,nan,nan,30.0,nan
1606837844.26543,0.0,nan,30.0,nan,nan,90.0,nan,nan,nan,30.0,nan,nan,nan,nan,nan,nan,nan,nan,nan,nan,nan,60.0,nan,nan,nan,nan,nan,nan,nan,30.0,0.0,nan,nan,0.0,nan,90.0,nan,nan,nan,60.0,nan,90.0,nan,0.0,nan,nan,90.0,nan,0.0,nan,nan,nan,nan,nan,30.0,nan
1606838755.271322,0.0,nan,30.0,nan,nan,90.0,nan,nan,nan,30.0,nan,nan,nan,nan,nan,nan,nan,nan,nan,nan,nan,60.0,nan,nan,nan,nan,nan,nan,nan,30.0,0.0,nan,nan,0.0,nan,90.0,nan,nan,nan,60.0,nan,90.0,nan,0.0,nan,nan,90.0,nan,0.0,nan,nan,nan,nan,nan,30.0,nan
1606839667.050513,0.0,nan,30.0,nan,nan,90.0,nan,nan,nan,30.0,nan,nan,nan,nan,nan,nan,nan,nan,nan,nan,nan,60.0,nan,nan,nan,nan,nan,nan,nan,30.0,0.0,nan,nan,0.0,nan,90.0,nan,nan,nan,60.0,nan,90.0,nan,0.0,nan,nan,90.0,nan,0.0,nan,nan,nan,nan,nan,30.0,nan
1606840578.456594,0.0,nan,30.0,nan,nan,90.0,nan,nan,nan,30.0,nan,nan,nan,nan,nan,nan,nan,nan,nan,nan,nan,60.0,nan,nan,nan,nan,nan,nan,nan,30.0,0.0,nan,nan,0.0,nan,90.0,nan,nan,nan,60.0,nan,90.0,nan,0.0,nan,nan,90.0,nan,0.0,nan,nan,nan,nan,nan,30.0,nan
1606841489.140346,0.0,nan,30.0,nan,nan,90.0,nan,nan,nan,30.0,nan,nan,nan,nan,nan,nan,nan,nan,nan,nan,nan,60.0,nan,nan,nan,nan,nan,nan,nan,30.0,0.0,nan,nan,0.0,nan,90.0,nan,nan,nan,60.0,nan,90.0,nan,0.0,nan,nan,90.0,nan,0.0,nan,nan,nan,nan,nan,30.0,nan
1606842401.098017,0.0,nan,30.0,nan,nan,90.0,nan,nan,nan,30.0,nan,nan,nan,nan,nan,nan,nan,nan,nan,nan,nan,60.0,nan,nan,nan,nan,nan,nan,nan,30.0,0.0,nan,nan,0.0,nan,90.0,nan,nan,nan,60.0,nan,90.0,nan,0.0,nan,nan,90.0,nan,0.0,nan,nan,nan,nan,nan,30.0,nan
1606843312.656399,0.0,nan,30.0,nan,nan,90.0,nan,nan,nan,30.0,nan,nan,nan,nan,nan,nan,nan,nan,nan,nan,nan,60.0,nan,nan,nan,nan,nan,nan,nan,30.0,0.0,nan,nan,0.0,nan,90.0,nan,nan,nan,60.0,nan,90.0,nan,0.0,nan,nan,90.0,nan,0.0,nan,nan,nan,nan,nan,30.0,nan
1606844083.984604,0.0,nan,30.0,nan,nan,90.0,nan,nan,nan,30.0,nan,nan,nan,nan,nan,nan,nan,nan,nan,nan,nan,60.0,nan,nan,nan,nan,nan,nan,nan,30.0,0.0,nan,nan,0.0,nan,90.0,nan,nan,nan,60.0,nan,90.0,nan,0.0,nan,nan,90.0,nan,0.0,nan,nan,nan,nan,nan,30.0,nan
1606844996.416474,0.0,nan,30.0,nan,nan,90.0,nan,nan,nan,30.0,nan,nan,nan,nan,nan,nan,nan,nan,nan,nan,nan,60.0,nan,nan,nan,nan,nan,nan,nan,30.0,0.0,nan,nan,0.0,nan,90.0,nan,nan,nan,60.0,nan,90.0,nan,0.0,nan,nan,90.0,nan,0.0,nan,nan,nan,nan,nan,30.0,nan
1606845910.058693,0.0,nan,30.0,nan,nan,90.0,nan,nan,nan,30.0,nan,nan,nan,nan,nan,nan,nan,nan,nan,nan,nan,60.0,nan,nan,nan,nan,nan,nan,nan,30.0,0.0,nan,nan,0.0,nan,90.0,nan,nan,nan,60.0,nan,90.0,nan,0.0,nan,nan,90.0,nan,0.0,nan,nan,nan,nan,nan,30.0,nan
1606846822.040276,0.0,nan,30.0,nan,nan,90.0,nan,nan,nan,30.0,nan,nan,nan,nan,nan,nan,nan,nan,nan,nan,nan,60.0,nan,nan,nan,nan,nan,nan,nan,30.0,0.0,nan,nan,0.0,nan,90.0,nan,nan,nan,60.0,nan,90.0,nan,0.0,nan,nan,90.0,nan,0.0,nan,nan,nan,nan,nan,30.0,nan
1606847736.212799,0.0,90.0,0.0,0.0,0.0,nan,nan,nan,0.0,30.0,30.0,nan,0.0,30.0,60.0,nan,nan,nan,90.0,60.0,nan,60.0,nan,nan,nan,90.0,nan,0.0,nan,0.0,nan,nan,60.0,30.0,30.0,120.0,nan,60.0,nan,30.0,0.0,120.0,30.0,0.0,nan,nan,30.0,60.0,nan,nan,nan,nan,nan,nan,30.0,nan
1606848647.946497,0.0,90.0,0.0,0.0,0.0,nan,nan,nan,0.0,30.0,30.0,nan,0.0,30.0,60.0,nan,nan,nan,90.0,60.0,nan,60.0,nan,nan,nan,90.0,nan,0.0,nan,0.0,nan,nan,60.0,30.0,30.0,120.0,nan,60.0,nan,30.0,0.0,120.0,30.0,0.0,nan,nan,30.0,60.0,nan,nan,nan,nan,nan,nan,30.0,nan
1606849561.057096,0.0,90.0,0.0,0.0,0.0,nan,nan,nan,0.0,30.0,30.0,nan,0.0,30.0,60.0,nan,nan,nan,90.0,60.0,nan,60.0,nan,nan,nan,90.0,nan,0.0,nan,0.0,nan,nan,60.0,30.0,30.0,120.0,nan,60.0,nan,30.0,0.0,120.0,30.0,0.0,nan,nan,30.0,60.0,nan,nan,nan,nan,nan,nan,30.0,nan
1606850473.674584,0.0,90.0,0.0,0.0,0.0,nan,nan,nan,0.0,30.0,30.0,nan,0.0,30.0,60.0,nan,nan,nan,90.0,60.0,nan,60.0,nan,nan,nan,90.0,nan,0.0,nan,0.0,nan,nan,60.0,30.0,30.0,120.0,nan,60.0,nan,30.0,0.0,120.0,30.0,0.0,nan,nan,30.0,60.0,nan,nan,nan,nan,nan,nan,30.0,nan
1606851386.473949,0.0,90.0,0.0,0.0,0.0,nan,nan,nan,0.0,30.0,30.0,nan,0.0,30.0,60.0,nan,nan,nan,90.0,60.0,nan,60.0,nan,nan,nan,90.0,nan,0.0,nan,0.0,nan,nan,60.0,30.0,30.0,120.0,nan,60.0,nan,30.0,0.0,120.0,30.0,0.0,nan,nan,30.0,60.0,nan,nan,nan,nan,nan,nan,30.0,nan
1606853065.190257,0.0,90.0,0.0,60.0,nan,nan,nan,nan,90.0,30.0,30.0,nan,0.0,30.0,90.0,nan,nan,nan,90.0,60.0,nan,60.0,nan,nan,nan,nan,nan,nan,nan,nan,0.0,nan,60.0,30.0,30.0,120.0,nan,nan,120.0,nan,0.0,nan,nan,0.0,nan,nan,30.0,60.0,30.0,nan,nan,nan,nan,nan,60.0,nan
1606853977.82872,0.0,90.0,0.0,60.0,nan,nan,nan,nan,90.0,30.0,30.0,nan,0.0,30.0,90.0,nan,nan,nan,90.0,60.0,nan,60.0,nan,nan,nan,nan,nan,nan,nan,nan,0.0,nan,60.0,30.0,30.0,120.0,nan,nan,120.0,nan,0.0,nan,nan,0.0,nan,nan,30.0,60.0,30.0,nan,nan,nan,nan,nan,60.0,nan
1606854891.216037,0.0,90.0,30.0,60.0,0.0,nan,90.0,nan,30.0,30.0,30.0,nan,0.0,30.0,90.0,nan,nan,nan,90.0,60.0,nan,60.0,nan,0.0,nan,90.0,nan,0.0,nan,30.0,0.0,nan,60.0,30.0,30.0,120.0,nan,nan,120.0,nan,0.0,nan,30.0,0.0,nan,nan,30.0,60.0,30.0,nan,nan,nan,nan,nan,60.0,nan
1606855803.019202,0.0,90.0,30.0,60.0,0.0,nan,90.0,nan,30.0,30.0,30.0,nan,0.0,30.0,90.0,nan,nan,nan,90.0,60.0,nan,60.0,nan,0.0,nan,90.0,nan,0.0,nan,30.0,0.0,nan,60.0,30.0,30.0,120.0,nan,nan,120.0,nan,0.0,nan,30.0,0.0,nan,nan,30.0,60.0,30.0,nan,nan,nan,nan,nan,60.0,nan
1606856715.828335,0.0,90.0,30.0,60.0,0.0,nan,90.0,nan,30.0,30.0,30.0,nan,0.0,30.0,90.0,nan,nan,nan,90.0,60.0,nan,60.0,nan,0.0,nan,90.0,nan,0.0,nan,30.0,0.0,nan,60.0,30.0,30.0,120.0,nan,nan,120.0,nan,0.0,nan,30.0,0.0,nan,nan,30.0,60.0,30.0,nan,nan,nan,nan,nan,60.0,nan
1606857628.601719,0.0,90.0,30.0,60.0,0.0,nan,90.0,nan,30.0,30.0,30.0,nan,0.0,30.0,90.0,nan,nan,nan,90.0,60.0,nan,60.0,nan,0.0,nan,90.0,nan,0.0,nan,30.0,0.0,nan,60.0,30.0,30.0,120.0,nan,nan,120.0,nan,0.0,nan,30.0,0.0,nan,nan,30.0,60.0,30.0,nan,nan,nan,nan,nan,60.0,nan
1606858541.319025,0.0,90.0,30.0,60.0,0.0,nan,90.0,nan,30.0,30.0,30.0,nan,0.0,30.0,90.0,nan,nan,nan,90.0,60.0,nan,60.0,nan,0.0,nan,90.0,nan,0.0,nan,30.0,0.0,nan,60.0,30.0,30.0,120.0,nan,nan,120.0,nan,0.0,nan,30.0,0.0,nan,nan,30.0,60.0,30.0,nan,nan,nan,nan,nan,60.0,nan
1606859452.743922,0.0,90.0,30.0,60.0,0.0,nan,90.0,nan,30.0,30.0,30.0,nan,0.0,30.0,90.0,nan,nan,nan,90.0,60.0,nan,60.0,nan,0.0,nan,90.0,nan,0.0,nan,30.0,0.0,nan,60.0,30.0,30.0,120.0,nan,nan,120.0,nan,0.0,nan,30.0,0.0,nan,nan,30.0,60.0,30.0,nan,nan,nan,nan,nan,60.0,nan
1606860364.286729,0.0,90.0,30.0,60.0,0.0,nan,90.0,nan,30.0,30.0,30.0,nan,0.0,30.0,90.0,nan,nan,nan,90.0,60.0,nan,60.0,nan,0.0,nan,90.0,nan,0.0,nan,30.0,0.0,nan,60.0,30.0,30.0,120.0,nan,nan,120.0,nan,0.0,nan,30.0,0.0,nan,nan,30.0,60.0,30.0,nan,nan,nan,nan,nan,60.0,nan
1606861276.284958,0.0,90.0,30.0,60.0,0.0,nan,90.0,nan,30.0,30.0,30.0,nan,0.0,30.0,90.0,nan,nan,nan,90.0,60.0,nan,60.0,nan,0.0,nan,90.0,nan,0.0,nan,30.0,0.0,nan,60.0,30.0,30.0,120.0,nan,nan,120.0,nan,0.0,nan,30.0,0.0,nan,nan,30.0,60.0,30.0,nan,nan,nan,nan,nan,60.0,nan
1606862189.382339,0.0,90.0,30.0,60.0,0.0,nan,90.0,nan,30.0,30.0,30.0,nan,0.0,30.0,90.0,nan,nan,nan,90.0,60.0,nan,60.0,nan,0.0,nan,90.0,nan,0.0,nan,30.0,0.0,nan,60.0,30.0,30.0,120.0,nan,nan,120.0,nan,0.0,nan,30.0,0.0,nan,nan,30.0,60.0,30.0,nan,nan,nan,nan,nan,60.0,nan
1606863101.185654,0.0,90.0,30.0,60.0,0.0,nan,90.0,nan,30.0,30.0,30.0,nan,0.0,30.0,90.0,nan,nan,nan,90.0,60.0,nan,60.0,nan,0.0,nan,90.0,nan,0.0,nan,30.0,0.0,nan,60.0,30.0,30.0,120.0,nan,nan,120.0,nan,0.0,nan,30.0,0.0,nan,nan,30.0,60.0,30.0,nan,nan,nan,nan,nan,60.0,nan
1606864014.300097,0.0,90.0,30.0,60.0,0.0,nan,90.0,nan,30.0,30.0,30.0,nan,0.0,30.0,90.0,nan,nan,nan,90.0,60.0,nan,60.0,nan,0.0,nan,90.0,nan,0.0,nan,30.0,0.0,nan,60.0,30.0,30.0,120.0,nan,nan,120.0,nan,0.0,nan,30.0,0.0,nan,nan,30.0,60.0,30.0,nan,nan,nan,nan,nan,60.0,nan
1606864927.153058,0.0,90.0,30.0,60.0,0.0,nan,90.0,nan,30.0,30.0,30.0,nan,0.0,30.0,90.0,nan,nan,nan,90.0,60.0,nan,60.0,nan,0.0,nan,90.0,nan,0.0,nan,30.0,0.0,nan,60.0,30.0,30.0,120.0,nan,nan,120.0,nan,0.0,nan,30.0,0.0,nan,nan,30.0,60.0,30.0,nan,nan,nan,nan,nan,60.0,nan
1606865839.624063,0.0,90.0,30.0,60.0,0.0,nan,90.0,nan,30.0,30.0,30.0,nan,0.0,30.0,90.0,nan,nan,nan,90.0,60.0,nan,60.0,nan,0.0,nan,90.0,nan,0.0,nan,30.0,0.0,nan,60.0,30.0,30.0,120.0,nan,nan,120.0,nan,0.0,nan,30.0,0.0,nan,nan,30.0,60.0,30.0,nan,nan,nan,nan,nan,60.0,nan
1606866752.074583,0.0,90.0,30.0,60.0,0.0,nan,90.0,nan,30.0,30.0,30.0,nan,0.0,30.0,90.0,nan,nan,nan,90.0,60.0,nan,60.0,nan,0.0,nan,90.0,nan,0.0,nan,30.0,0.0,nan,60.0,30.0,30.0,120.0,nan,nan,120.0,nan,0.0,nan,30.0,0.0,nan,nan,30.0,60.0,30.0,nan,nan,nan,nan,nan,60.0,nan
1606867664.225767,0.0,90.0,30.0,60.0,0.0,nan,90.0,nan,30.0,30.0,30.0,nan,0.0,30.0,90.0,nan,nan,nan,90.0,60.0,nan,60.0,nan,0.0,nan,90.0,nan,0.0,nan,30.0,0.0,nan,60.0,30.0,30.0,120.0,nan,nan,120.0,nan,0.0,nan,30.0,0.0,nan,nan,30.0,60.0,30.0,nan,nan,nan,nan,nan,60.0,nan
1606868577.68985,0.0,90.0,30.0,60.0,0.0,nan,90.0,nan,30.0,30.0,30.0,nan,0.0,30.0,90.0,nan,nan,nan,90.0,60.0,nan,60.0,nan,0.0,nan,90.0,nan,0.0,nan,30.0,0.0,nan,60.0,30.0,30.0,120.0,nan,nan,120.0,nan,0.0,nan,30.0,0.0,nan,nan,30.0,60.0,30.0,nan,nan,nan,nan,nan,60.0,nan
1606869491.146899,0.0,90.0,30.0,60.0,0.0,nan,90.0,nan,30.0,30.0,30.0,nan,0.0,30.0,90.0,nan,nan,nan,90.0,60.0,nan,60.0,nan,0.0,nan,90.0,nan,0.0,nan,30.0,0.0,nan,60.0,30.0,30.0,120.0,nan,nan,120.0,nan,0.0,nan,30.0,0.0,nan,nan,30.0,60.0,30.0,nan,nan,nan,nan,nan,60.0,nan
1606870403.860802,0.0,90.0,30.0,60.0,0.0,nan,90.0,nan,30.0,30.0,30.0,nan,0.0,30.0,90.0,nan,nan,nan,90.0,60.0,nan,60.0,nan,0.0,nan,90.0,nan,0.0,nan,30.0,0.0,nan,60.0,30.0,30.0,120.0,nan,nan,120.0,nan,0.0,nan,30.0,0.0,nan,nan,30.0,60.0,30.0,nan,nan,nan,nan,nan,60.0,nan
1606871317.039522,0.0,90.0,30.0,60.0,0.0,nan,90.0,nan,30.0,30.0,30.0,nan,0.0,30.0,90.0,nan,nan,nan,90.0,60.0,nan,60.0,nan,0.0,nan,90.0,nan,0.0,nan,30.0,0.0,nan,60.0,30.0,30.0,120.0,nan,nan,120.0,nan,0.0,nan,30.0,0.0,nan,nan,30.0,60.0,30.0,nan,nan,nan,nan,nan,60.0,nan
